Workbook

Sheet 使い方
A1: グリーンHRM連動型 人事評価シート｜使い方
A3: 目的 | B3: 環境貢献・改善提案・サステナビリティ行動を、人事評価・昇給・賞与・昇格判断に連動させるための実務用テンプレートです。提案書「Green Value Evaluation System」と整合した制度です。
A4: 基本設計 | B4: 導入初年度は「通常評価90点＋グリーンHRM15点＝合計105点」を基本にし、管理職は部門KPIとグリーンリーダーシップをより重く評価します。提案書§4の配点モデルに準拠。
A5: 入力するシート | B5: 一般社員は「一般社員評価」、管理職は「管理職評価」に入力してください。黄色セルが主な入力欄です。
A6: 自動計算 | B6: 総合点、総合評価、グリーン評価、昇給区分、賞与係数、昇格判定、育成コメントは自動計算されます。
A7: 評価の考え方 | B7: グリーンHRMは減点目的ではなく、日常の省エネ・省資源・廃棄物削減・改善提案・環境学習を評価し、行動変容を促進する仕組みです。
A8: 注意点 | B8: 賃金・賞与・昇格への反映は、就業規則・賃金規程・評価規程との整合性を確認し、導入時は従業員説明と評価者研修を行ってください。
A10: 導入ステップ
A11: Step 1 | B11: 見える化 | C11: 電力・紙・廃棄物・改善提案・研修受講を記録する
A12: Step 2 | B12: 評価に15点反映 | C12: 一般社員評価にグリーンHRM15点を組み込む（各3点×5項目）
A13: Step 3 | B13: 賞与係数に反映 | C13: グリーン評価S〜Dに応じて賞与係数を±5〜10％で反映する
A14: Step 4 | B14: 昇格要件に反映 | C14: 主任・係長・課長以上の昇格要件にグリーン行動・改善主導経験を入れる
A16: 提案書との対応
A17: 提案書 §4 | B17: 評価配点モデル → 一般社員評価シートの配点構成（業務50+行動25+学習10+グリーン15=105点）
A18: 提案書 §5 | B18: BARS行動基準 → 項目定義シートのS〜D行動基準（各3点満点×5項目）
A19: 提案書 §7 | B19: 昇給反映 → マスタシートの昇給区分・グリーン評価補正
A20: 提案書 §8 | B20: 賞与反映 → 推奨賞与係数（基本係数×グリーン係数）の自動計算
A21: 提案書 §9 | B21: 昇格要件 → マスタシートの昇格区分表・昇格判定の自動計算
A22: 提案書 §10 | B22: 5つの評価軸（知識・行動・改善・成果・波及） → グリーン5項目の評価体系

Sheet 一般社員評価
A1: 一般社員評価シート｜通常評価90点＋グリーンHRM15点
A2: 黄色セルに入力してください。N列以降は自動計算です。グリーン評価は省エネ・ペーパーレス・廃棄物削減・改善提案・環境学習の5項目、各3点満点（合計15点）。提案書§5のBARS基準に準拠。
A4: 社員ID | B4: 氏名 | C4: 部署 | D4: 職位 | E4: 評価期間 | F4: 業務成果 50点 | G4: 行動 25点 | H4: 学習成長 10点 | I4: 省エネ 3点 | J4: ペーパーレス 3点 | K4: 廃棄物削減 3点 | L4: 改善提案 3点 | M4: 環境学習 3点 | N4: グリーン合計 15点 | O4: 総合点 105点 | P4: 総合評価 | Q4: グリーン評価 | R4: 昇給区分 | S4: 基本賞与係数 | T4: グリーン係数 | U4: 推奨賞与係数 | V4: 昇格判定 | W4: 育成コメント
A5: S001 | B5: 山田 太郎 | C5: 製造1課 | D5: 一般 | E5: 2026上期 | F5: 42 | G5: 20 | H5: 8 | I5: 3 | J5: 2 | K5: 3 | L5: 2 | M5: 3 | N5: =IF(A5="","",SUM(I5:M5)) -> 13 | O5: =IF(A5="","",SUM(F5:H5,N5)) -> 83 | P5: =IF(A5="","",IF(O5>=95,"S",IF(O5>=84,"A",IF(O5>=68,"B",IF(O5>=53,"C","D"))))) -> B | Q5: =IF(A5="","",IF(N5>=13.5,"S",IF(N5>=12,"A",IF(N5>=9.75,"B",IF(N5>=7.5,"C","D"))))) -> A | R5: =IF(A5="","",VLOOKUP(P5,マスタ!$A$4:$C$8,2,FALSE())) -> 標準昇給 | S5: =IF(A5="","",VLOOKUP(P5,マスタ!$A$4:$C$8,3,FALSE())) -> 1 | T5: =IF(A5="","",VLOOKUP(Q5,マスタ!$E$4:$G$8,2,FALSE())) -> 1.05 | U5: =IF(A5="","",ROUND(S5*T5,3)) -> 1.05 | V5: =IF(A5="","",IF(AND(O5>=84,N5>=12),"昇格候補",IF(AND(O5>=68,N5>=9.75),"昇格検討可",IF(AND(O5>=53,N5>=7.5),"通常","要育成")))) -> 昇格検討可 | W5: =IF(A5="","",IF(N5<7.5,"グリーン行動の改善計画を設定",IF(L5<1.5,"改善提案を月1件以上設定",IF(M5<1.5,"環境研修・社内共有を追加","継続・横展開を検討")))) -> 継続・横展開を検討
A6: S002 | B6: 佐藤 花子 | C6: 営業部 | D6: 主任候補 | E6: 2026上期 | F6: 46 | G6: 22 | H6: 9 | I6: 3 | J6: 3 | K6: 2 | L6: 3 | M6: 3 | N6: =IF(A6="","",SUM(I6:M6)) -> 14 | O6: =IF(A6="","",SUM(F6:H6,N6)) -> 91 | P6: =IF(A6="","",IF(O6>=95,"S",IF(O6>=84,"A",IF(O6>=68,"B",IF(O6>=53,"C","D"))))) -> A | Q6: =IF(A6="","",IF(N6>=13.5,"S",IF(N6>=12,"A",IF(N6>=9.75,"B",IF(N6>=7.5,"C","D"))))) -> S | R6: =IF(A6="","",VLOOKUP(P6,マスタ!$A$4:$C$8,2,FALSE())) -> 標準より高め | S6: =IF(A6="","",VLOOKUP(P6,マスタ!$A$4:$C$8,3,FALSE())) -> 1.1 | T6: =IF(A6="","",VLOOKUP(Q6,マスタ!$E$4:$G$8,2,FALSE())) -> 1.1 | U6: =IF(A6="","",ROUND(S6*T6,3)) -> 1.21 | V6: =IF(A6="","",IF(AND(O6>=84,N6>=12),"昇格候補",IF(AND(O6>=68,N6>=9.75),"昇格検討可",IF(AND(O6>=53,N6>=7.5),"通常","要育成")))) -> 昇格候補 | W6: =IF(A6="","",IF(N6<7.5,"グリーン行動の改善計画を設定",IF(L6<1.5,"改善提案を月1件以上設定",IF(M6<1.5,"環境研修・社内共有を追加","継続・横展開を検討")))) -> 継続・横展開を検討
A7: S003 | B7: 鈴木 一郎 | C7: 総務部 | D7: 一般 | E7: 2026上期 | F7: 35 | G7: 18 | H7: 7 | I7: 1.5 | J7: 2 | K7: 1.5 | L7: 1 | M7: 1.5 | N7: =IF(A7="","",SUM(I7:M7)) -> 7.5 | O7: =IF(A7="","",SUM(F7:H7,N7)) -> 67.5 | P7: =IF(A7="","",IF(O7>=95,"S",IF(O7>=84,"A",IF(O7>=68,"B",IF(O7>=53,"C","D"))))) -> C | Q7: =IF(A7="","",IF(N7>=13.5,"S",IF(N7>=12,"A",IF(N7>=9.75,"B",IF(N7>=7.5,"C","D"))))) -> C | R7: =IF(A7="","",VLOOKUP(P7,マスタ!$A$4:$C$8,2,FALSE())) -> 昇給小または据置 | S7: =IF(A7="","",VLOOKUP(P7,マスタ!$A$4:$C$8,3,FALSE())) -> 0.9 | T7: =IF(A7="","",VLOOKUP(Q7,マスタ!$E$4:$G$8,2,FALSE())) -> 0.97 | U7: =IF(A7="","",ROUND(S7*T7,3)) -> 0.873 | V7: =IF(A7="","",IF(AND(O7>=84,N7>=12),"昇格候補",IF(AND(O7>=68,N7>=9.75),"昇格検討可",IF(AND(O7>=53,N7>=7.5),"通常","要育成")))) -> 通常 | W7: =IF(A7="","",IF(N7<7.5,"グリーン行動の改善計画を設定",IF(L7<1.5,"改善提案を月1件以上設定",IF(M7<1.5,"環境研修・社内共有を追加","継続・横展開を検討")))) -> 改善提案を月1件以上設定
N8: =IF(A8="","",SUM(I8:M8)) | O8: =IF(A8="","",SUM(F8:H8,N8)) | P8: =IF(A8="","",IF(O8>=95,"S",IF(O8>=84,"A",IF(O8>=68,"B",IF(O8>=53,"C","D"))))) | Q8: =IF(A8="","",IF(N8>=13.5,"S",IF(N8>=12,"A",IF(N8>=9.75,"B",IF(N8>=7.5,"C","D"))))) | R8: =IF(A8="","",VLOOKUP(P8,マスタ!$A$4:$C$8,2,FALSE())) | S8: =IF(A8="","",VLOOKUP(P8,マスタ!$A$4:$C$8,3,FALSE())) | T8: =IF(A8="","",VLOOKUP(Q8,マスタ!$E$4:$G$8,2,FALSE())) | U8: =IF(A8="","",ROUND(S8*T8,3)) | V8: =IF(A8="","",IF(AND(O8>=84,N8>=12),"昇格候補",IF(AND(O8>=68,N8>=9.75),"昇格検討可",IF(AND(O8>=53,N8>=7.5),"通常","要育成")))) | W8: =IF(A8="","",IF(N8<7.5,"グリーン行動の改善計画を設定",IF(L8<1.5,"改善提案を月1件以上設定",IF(M8<1.5,"環境研修・社内共有を追加","継続・横展開を検討"))))
N9: =IF(A9="","",SUM(I9:M9)) | O9: =IF(A9="","",SUM(F9:H9,N9)) | P9: =IF(A9="","",IF(O9>=95,"S",IF(O9>=84,"A",IF(O9>=68,"B",IF(O9>=53,"C","D"))))) | Q9: =IF(A9="","",IF(N9>=13.5,"S",IF(N9>=12,"A",IF(N9>=9.75,"B",IF(N9>=7.5,"C","D"))))) | R9: =IF(A9="","",VLOOKUP(P9,マスタ!$A$4:$C$8,2,FALSE())) | S9: =IF(A9="","",VLOOKUP(P9,マスタ!$A$4:$C$8,3,FALSE())) | T9: =IF(A9="","",VLOOKUP(Q9,マスタ!$E$4:$G$8,2,FALSE())) | U9: =IF(A9="","",ROUND(S9*T9,3)) | V9: =IF(A9="","",IF(AND(O9>=84,N9>=12),"昇格候補",IF(AND(O9>=68,N9>=9.75),"昇格検討可",IF(AND(O9>=53,N9>=7.5),"通常","要育成")))) | W9: =IF(A9="","",IF(N9<7.5,"グリーン行動の改善計画を設定",IF(L9<1.5,"改善提案を月1件以上設定",IF(M9<1.5,"環境研修・社内共有を追加","継続・横展開を検討"))))
N10: =IF(A10="","",SUM(I10:M10)) | O10: =IF(A10="","",SUM(F10:H10,N10)) | P10: =IF(A10="","",IF(O10>=95,"S",IF(O10>=84,"A",IF(O10>=68,"B",IF(O10>=53,"C","D"))))) | Q10: =IF(A10="","",IF(N10>=13.5,"S",IF(N10>=12,"A",IF(N10>=9.75,"B",IF(N10>=7.5,"C","D"))))) | R10: =IF(A10="","",VLOOKUP(P10,マスタ!$A$4:$C$8,2,FALSE())) | S10: =IF(A10="","",VLOOKUP(P10,マスタ!$A$4:$C$8,3,FALSE())) | T10: =IF(A10="","",VLOOKUP(Q10,マスタ!$E$4:$G$8,2,FALSE())) | U10: =IF(A10="","",ROUND(S10*T10,3)) | V10: =IF(A10="","",IF(AND(O10>=84,N10>=12),"昇格候補",IF(AND(O10>=68,N10>=9.75),"昇格検討可",IF(AND(O10>=53,N10>=7.5),"通常","要育成")))) | W10: =IF(A10="","",IF(N10<7.5,"グリーン行動の改善計画を設定",IF(L10<1.5,"改善提案を月1件以上設定",IF(M10<1.5,"環境研修・社内共有を追加","継続・横展開を検討"))))
N11: =IF(A11="","",SUM(I11:M11)) | O11: =IF(A11="","",SUM(F11:H11,N11)) | P11: =IF(A11="","",IF(O11>=95,"S",IF(O11>=84,"A",IF(O11>=68,"B",IF(O11>=53,"C","D"))))) | Q11: =IF(A11="","",IF(N11>=13.5,"S",IF(N11>=12,"A",IF(N11>=9.75,"B",IF(N11>=7.5,"C","D"))))) | R11: =IF(A11="","",VLOOKUP(P11,マスタ!$A$4:$C$8,2,FALSE())) | S11: =IF(A11="","",VLOOKUP(P11,マスタ!$A$4:$C$8,3,FALSE())) | T11: =IF(A11="","",VLOOKUP(Q11,マスタ!$E$4:$G$8,2,FALSE())) | U11: =IF(A11="","",ROUND(S11*T11,3)) | V11: =IF(A11="","",IF(AND(O11>=84,N11>=12),"昇格候補",IF(AND(O11>=68,N11>=9.75),"昇格検討可",IF(AND(O11>=53,N11>=7.5),"通常","要育成")))) | W11: =IF(A11="","",IF(N11<7.5,"グリーン行動の改善計画を設定",IF(L11<1.5,"改善提案を月1件以上設定",IF(M11<1.5,"環境研修・社内共有を追加","継続・横展開を検討"))))
N12: =IF(A12="","",SUM(I12:M12)) | O12: =IF(A12="","",SUM(F12:H12,N12)) | P12: =IF(A12="","",IF(O12>=95,"S",IF(O12>=84,"A",IF(O12>=68,"B",IF(O12>=53,"C","D"))))) | Q12: =IF(A12="","",IF(N12>=13.5,"S",IF(N12>=12,"A",IF(N12>=9.75,"B",IF(N12>=7.5,"C","D"))))) | R12: =IF(A12="","",VLOOKUP(P12,マスタ!$A$4:$C$8,2,FALSE())) | S12: =IF(A12="","",VLOOKUP(P12,マスタ!$A$4:$C$8,3,FALSE())) | T12: =IF(A12="","",VLOOKUP(Q12,マスタ!$E$4:$G$8,2,FALSE())) | U12: =IF(A12="","",ROUND(S12*T12,3)) | V12: =IF(A12="","",IF(AND(O12>=84,N12>=12),"昇格候補",IF(AND(O12>=68,N12>=9.75),"昇格検討可",IF(AND(O12>=53,N12>=7.5),"通常","要育成")))) | W12: =IF(A12="","",IF(N12<7.5,"グリーン行動の改善計画を設定",IF(L12<1.5,"改善提案を月1件以上設定",IF(M12<1.5,"環境研修・社内共有を追加","継続・横展開を検討"))))
N13: =IF(A13="","",SUM(I13:M13)) | O13: =IF(A13="","",SUM(F13:H13,N13)) | P13: =IF(A13="","",IF(O13>=95,"S",IF(O13>=84,"A",IF(O13>=68,"B",IF(O13>=53,"C","D"))))) | Q13: =IF(A13="","",IF(N13>=13.5,"S",IF(N13>=12,"A",IF(N13>=9.75,"B",IF(N13>=7.5,"C","D"))))) | R13: =IF(A13="","",VLOOKUP(P13,マスタ!$A$4:$C$8,2,FALSE())) | S13: =IF(A13="","",VLOOKUP(P13,マスタ!$A$4:$C$8,3,FALSE())) | T13: =IF(A13="","",VLOOKUP(Q13,マスタ!$E$4:$G$8,2,FALSE())) | U13: =IF(A13="","",ROUND(S13*T13,3)) | V13: =IF(A13="","",IF(AND(O13>=84,N13>=12),"昇格候補",IF(AND(O13>=68,N13>=9.75),"昇格検討可",IF(AND(O13>=53,N13>=7.5),"通常","要育成")))) | W13: =IF(A13="","",IF(N13<7.5,"グリーン行動の改善計画を設定",IF(L13<1.5,"改善提案を月1件以上設定",IF(M13<1.5,"環境研修・社内共有を追加","継続・横展開を検討"))))
N14: =IF(A14="","",SUM(I14:M14)) | O14: =IF(A14="","",SUM(F14:H14,N14)) | P14: =IF(A14="","",IF(O14>=95,"S",IF(O14>=84,"A",IF(O14>=68,"B",IF(O14>=53,"C","D"))))) | Q14: =IF(A14="","",IF(N14>=13.5,"S",IF(N14>=12,"A",IF(N14>=9.75,"B",IF(N14>=7.5,"C","D"))))) | R14: =IF(A14="","",VLOOKUP(P14,マスタ!$A$4:$C$8,2,FALSE())) | S14: =IF(A14="","",VLOOKUP(P14,マスタ!$A$4:$C$8,3,FALSE())) | T14: =IF(A14="","",VLOOKUP(Q14,マスタ!$E$4:$G$8,2,FALSE())) | U14: =IF(A14="","",ROUND(S14*T14,3)) | V14: =IF(A14="","",IF(AND(O14>=84,N14>=12),"昇格候補",IF(AND(O14>=68,N14>=9.75),"昇格検討可",IF(AND(O14>=53,N14>=7.5),"通常","要育成")))) | W14: =IF(A14="","",IF(N14<7.5,"グリーン行動の改善計画を設定",IF(L14<1.5,"改善提案を月1件以上設定",IF(M14<1.5,"環境研修・社内共有を追加","継続・横展開を検討"))))
N15: =IF(A15="","",SUM(I15:M15)) | O15: =IF(A15="","",SUM(F15:H15,N15)) | P15: =IF(A15="","",IF(O15>=95,"S",IF(O15>=84,"A",IF(O15>=68,"B",IF(O15>=53,"C","D"))))) | Q15: =IF(A15="","",IF(N15>=13.5,"S",IF(N15>=12,"A",IF(N15>=9.75,"B",IF(N15>=7.5,"C","D"))))) | R15: =IF(A15="","",VLOOKUP(P15,マスタ!$A$4:$C$8,2,FALSE())) | S15: =IF(A15="","",VLOOKUP(P15,マスタ!$A$4:$C$8,3,FALSE())) | T15: =IF(A15="","",VLOOKUP(Q15,マスタ!$E$4:$G$8,2,FALSE())) | U15: =IF(A15="","",ROUND(S15*T15,3)) | V15: =IF(A15="","",IF(AND(O15>=84,N15>=12),"昇格候補",IF(AND(O15>=68,N15>=9.75),"昇格検討可",IF(AND(O15>=53,N15>=7.5),"通常","要育成")))) | W15: =IF(A15="","",IF(N15<7.5,"グリーン行動の改善計画を設定",IF(L15<1.5,"改善提案を月1件以上設定",IF(M15<1.5,"環境研修・社内共有を追加","継続・横展開を検討"))))
N16: =IF(A16="","",SUM(I16:M16)) | O16: =IF(A16="","",SUM(F16:H16,N16)) | P16: =IF(A16="","",IF(O16>=95,"S",IF(O16>=84,"A",IF(O16>=68,"B",IF(O16>=53,"C","D"))))) | Q16: =IF(A16="","",IF(N16>=13.5,"S",IF(N16>=12,"A",IF(N16>=9.75,"B",IF(N16>=7.5,"C","D"))))) | R16: =IF(A16="","",VLOOKUP(P16,マスタ!$A$4:$C$8,2,FALSE())) | S16: =IF(A16="","",VLOOKUP(P16,マスタ!$A$4:$C$8,3,FALSE())) | T16: =IF(A16="","",VLOOKUP(Q16,マスタ!$E$4:$G$8,2,FALSE())) | U16: =IF(A16="","",ROUND(S16*T16,3)) | V16: =IF(A16="","",IF(AND(O16>=84,N16>=12),"昇格候補",IF(AND(O16>=68,N16>=9.75),"昇格検討可",IF(AND(O16>=53,N16>=7.5),"通常","要育成")))) | W16: =IF(A16="","",IF(N16<7.5,"グリーン行動の改善計画を設定",IF(L16<1.5,"改善提案を月1件以上設定",IF(M16<1.5,"環境研修・社内共有を追加","継続・横展開を検討"))))
N17: =IF(A17="","",SUM(I17:M17)) | O17: =IF(A17="","",SUM(F17:H17,N17)) | P17: =IF(A17="","",IF(O17>=95,"S",IF(O17>=84,"A",IF(O17>=68,"B",IF(O17>=53,"C","D"))))) | Q17: =IF(A17="","",IF(N17>=13.5,"S",IF(N17>=12,"A",IF(N17>=9.75,"B",IF(N17>=7.5,"C","D"))))) | R17: =IF(A17="","",VLOOKUP(P17,マスタ!$A$4:$C$8,2,FALSE())) | S17: =IF(A17="","",VLOOKUP(P17,マスタ!$A$4:$C$8,3,FALSE())) | T17: =IF(A17="","",VLOOKUP(Q17,マスタ!$E$4:$G$8,2,FALSE())) | U17: =IF(A17="","",ROUND(S17*T17,3)) | V17: =IF(A17="","",IF(AND(O17>=84,N17>=12),"昇格候補",IF(AND(O17>=68,N17>=9.75),"昇格検討可",IF(AND(O17>=53,N17>=7.5),"通常","要育成")))) | W17: =IF(A17="","",IF(N17<7.5,"グリーン行動の改善計画を設定",IF(L17<1.5,"改善提案を月1件以上設定",IF(M17<1.5,"環境研修・社内共有を追加","継続・横展開を検討"))))
N18: =IF(A18="","",SUM(I18:M18)) | O18: =IF(A18="","",SUM(F18:H18,N18)) | P18: =IF(A18="","",IF(O18>=95,"S",IF(O18>=84,"A",IF(O18>=68,"B",IF(O18>=53,"C","D"))))) | Q18: =IF(A18="","",IF(N18>=13.5,"S",IF(N18>=12,"A",IF(N18>=9.75,"B",IF(N18>=7.5,"C","D"))))) | R18: =IF(A18="","",VLOOKUP(P18,マスタ!$A$4:$C$8,2,FALSE())) | S18: =IF(A18="","",VLOOKUP(P18,マスタ!$A$4:$C$8,3,FALSE())) | T18: =IF(A18="","",VLOOKUP(Q18,マスタ!$E$4:$G$8,2,FALSE())) | U18: =IF(A18="","",ROUND(S18*T18,3)) | V18: =IF(A18="","",IF(AND(O18>=84,N18>=12),"昇格候補",IF(AND(O18>=68,N18>=9.75),"昇格検討可",IF(AND(O18>=53,N18>=7.5),"通常","要育成")))) | W18: =IF(A18="","",IF(N18<7.5,"グリーン行動の改善計画を設定",IF(L18<1.5,"改善提案を月1件以上設定",IF(M18<1.5,"環境研修・社内共有を追加","継続・横展開を検討"))))
N19: =IF(A19="","",SUM(I19:M19)) | O19: =IF(A19="","",SUM(F19:H19,N19)) | P19: =IF(A19="","",IF(O19>=95,"S",IF(O19>=84,"A",IF(O19>=68,"B",IF(O19>=53,"C","D"))))) | Q19: =IF(A19="","",IF(N19>=13.5,"S",IF(N19>=12,"A",IF(N19>=9.75,"B",IF(N19>=7.5,"C","D"))))) | R19: =IF(A19="","",VLOOKUP(P19,マスタ!$A$4:$C$8,2,FALSE())) | S19: =IF(A19="","",VLOOKUP(P19,マスタ!$A$4:$C$8,3,FALSE())) | T19: =IF(A19="","",VLOOKUP(Q19,マスタ!$E$4:$G$8,2,FALSE())) | U19: =IF(A19="","",ROUND(S19*T19,3)) | V19: =IF(A19="","",IF(AND(O19>=84,N19>=12),"昇格候補",IF(AND(O19>=68,N19>=9.75),"昇格検討可",IF(AND(O19>=53,N19>=7.5),"通常","要育成")))) | W19: =IF(A19="","",IF(N19<7.5,"グリーン行動の改善計画を設定",IF(L19<1.5,"改善提案を月1件以上設定",IF(M19<1.5,"環境研修・社内共有を追加","継続・横展開を検討"))))
... N54: =IF(A54="","",SUM(I54:M54)) | O54: =IF(A54="","",SUM(F54:H54,N54)) | P54: =IF(A54="","",IF(O54>=95,"S",IF(O54>=84,"A",IF(O54>=68,"B",IF(O54>=53,"C","D"))))) | Q54: =IF(A54="","",IF(N54>=13.5,"S",IF(N54>=12,"A",IF(N54>=9.75,"B",IF(N54>=7.5,"C","D"))))) | R54: =IF(A54="","",VLOOKUP(P54,マスタ!$A$4:$C$8,2,FALSE())) | S54: =IF(A54="","",VLOOKUP(P54,マスタ!$A$4:$C$8,3,FALSE())) | T54: =IF(A54="","",VLOOKUP(Q54,マスタ!$E$4:$G$8,2,FALSE())) | U54: =IF(A54="","",ROUND(S54*T54,3)) | V54: =IF(A54="","",IF(AND(O54>=84,N54>=12),"昇格候補",IF(AND(O54>=68,N54>=9.75),"昇格検討可",IF(AND(O54>=53,N54>=7.5),"通常","要育成")))) | W54: =IF(A54="","",IF(N54<7.5,"グリーン行動の改善計画を設定",IF(L54<1.5,"改善提案を月1件以上設定",IF(M54<1.5,"環境研修・社内共有を追加","継続・横展開を検討"))))

Sheet 管理職評価
A1: 管理職評価シート｜部門KPI・グリーンリーダーシップ連動
A2: 黄色セルに入力してください。管理職は通常業績だけでなく、部門グリーンKPIと部下を巻き込むリーダーシップを評価します。
A4: 管理職ID | B4: 氏名 | C4: 部署 | D4: 職位 | E4: 評価期間 | F4: 部門業績 40点 | G4: マネジメント 25点 | H4: 部門グリーンKPI 25点 | I4: グリーンリーダーシップ 10点 | J4: 総合点 100点 | K4: 総合評価 | L4: グリーン点 35点 | M4: グリーン評価 | N4: 昇給区分 | O4: 基本賞与係数 | P4: グリーン係数 | Q4: 推奨賞与係数 | R4: 昇格判定 | S4: 育成コメント
A5: M001 | B5: 田中 部長 | C5: 製造部 | D5: 課長 | E5: 2026上期 | F5: 34 | G5: 20 | H5: 20 | I5: 8 | J5: =IF(A5="","",SUM(F5:I5)) -> 82 | K5: =IF(A5="","",IF(J5>=90,"S",IF(J5>=80,"A",IF(J5>=65,"B",IF(J5>=50,"C","D"))))) -> A | L5: =IF(A5="","",SUM(H5:I5)) -> 28 | M5: =IF(A5="","",IF(L5>=32,"S",IF(L5>=28,"A",IF(L5>=22,"B",IF(L5>=16,"C","D"))))) -> A | N5: =IF(A5="","",VLOOKUP(K5,マスタ!$A$4:$C$8,2,FALSE())) -> 標準より高め | O5: =IF(A5="","",VLOOKUP(K5,マスタ!$A$4:$C$8,3,FALSE())) -> 1.1 | P5: =IF(A5="","",VLOOKUP(M5,マスタ!$E$4:$G$8,2,FALSE())) -> 1.05 | Q5: =IF(A5="","",ROUND(O5*P5,3)) -> 1.155 | R5: =IF(A5="","",IF(AND(J5>=90,L5>=32),"積極的に昇格候補",IF(AND(J5>=80,L5>=28),"昇格候補",IF(AND(J5>=65,L5>=22),"通常","要育成")))) -> 昇格候補 | S5: =IF(A5="","",IF(L5<16,"部門グリーンKPIの改善計画を設定",IF(I5<7,"部下を巻き込む改善活動を強化","横展開・次期目標を検討"))) -> 横展開・次期目標を検討
A6: M002 | B6: 高橋 課長 | C6: 営業部 | D6: 係長 | E6: 2026上期 | F6: 36 | G6: 22 | H6: 23 | I6: 9 | J6: =IF(A6="","",SUM(F6:I6)) -> 90 | K6: =IF(A6="","",IF(J6>=90,"S",IF(J6>=80,"A",IF(J6>=65,"B",IF(J6>=50,"C","D"))))) -> S | L6: =IF(A6="","",SUM(H6:I6)) -> 32 | M6: =IF(A6="","",IF(L6>=32,"S",IF(L6>=28,"A",IF(L6>=22,"B",IF(L6>=16,"C","D"))))) -> S | N6: =IF(A6="","",VLOOKUP(K6,マスタ!$A$4:$C$8,2,FALSE())) -> 標準昇給＋上乗せ | O6: =IF(A6="","",VLOOKUP(K6,マスタ!$A$4:$C$8,3,FALSE())) -> 1.2 | P6: =IF(A6="","",VLOOKUP(M6,マスタ!$E$4:$G$8,2,FALSE())) -> 1.1 | Q6: =IF(A6="","",ROUND(O6*P6,3)) -> 1.32 | R6: =IF(A6="","",IF(AND(J6>=90,L6>=32),"積極的に昇格候補",IF(AND(J6>=80,L6>=28),"昇格候補",IF(AND(J6>=65,L6>=22),"通常","要育成")))) -> 積極的に昇格候補 | S6: =IF(A6="","",IF(L6<16,"部門グリーンKPIの改善計画を設定",IF(I6<7,"部下を巻き込む改善活動を強化","横展開・次期目標を検討"))) -> 横展開・次期目標を検討
J7: =IF(A7="","",SUM(F7:I7)) | K7: =IF(A7="","",IF(J7>=90,"S",IF(J7>=80,"A",IF(J7>=65,"B",IF(J7>=50,"C","D"))))) | L7: =IF(A7="","",SUM(H7:I7)) | M7: =IF(A7="","",IF(L7>=32,"S",IF(L7>=28,"A",IF(L7>=22,"B",IF(L7>=16,"C","D"))))) | N7: =IF(A7="","",VLOOKUP(K7,マスタ!$A$4:$C$8,2,FALSE())) | O7: =IF(A7="","",VLOOKUP(K7,マスタ!$A$4:$C$8,3,FALSE())) | P7: =IF(A7="","",VLOOKUP(M7,マスタ!$E$4:$G$8,2,FALSE())) | Q7: =IF(A7="","",ROUND(O7*P7,3)) | R7: =IF(A7="","",IF(AND(J7>=90,L7>=32),"積極的に昇格候補",IF(AND(J7>=80,L7>=28),"昇格候補",IF(AND(J7>=65,L7>=22),"通常","要育成")))) | S7: =IF(A7="","",IF(L7<16,"部門グリーンKPIの改善計画を設定",IF(I7<7,"部下を巻き込む改善活動を強化","横展開・次期目標を検討")))
J8: =IF(A8="","",SUM(F8:I8)) | K8: =IF(A8="","",IF(J8>=90,"S",IF(J8>=80,"A",IF(J8>=65,"B",IF(J8>=50,"C","D"))))) | L8: =IF(A8="","",SUM(H8:I8)) | M8: =IF(A8="","",IF(L8>=32,"S",IF(L8>=28,"A",IF(L8>=22,"B",IF(L8>=16,"C","D"))))) | N8: =IF(A8="","",VLOOKUP(K8,マスタ!$A$4:$C$8,2,FALSE())) | O8: =IF(A8="","",VLOOKUP(K8,マスタ!$A$4:$C$8,3,FALSE())) | P8: =IF(A8="","",VLOOKUP(M8,マスタ!$E$4:$G$8,2,FALSE())) | Q8: =IF(A8="","",ROUND(O8*P8,3)) | R8: =IF(A8="","",IF(AND(J8>=90,L8>=32),"積極的に昇格候補",IF(AND(J8>=80,L8>=28),"昇格候補",IF(AND(J8>=65,L8>=22),"通常","要育成")))) | S8: =IF(A8="","",IF(L8<16,"部門グリーンKPIの改善計画を設定",IF(I8<7,"部下を巻き込む改善活動を強化","横展開・次期目標を検討")))
J9: =IF(A9="","",SUM(F9:I9)) | K9: =IF(A9="","",IF(J9>=90,"S",IF(J9>=80,"A",IF(J9>=65,"B",IF(J9>=50,"C","D"))))) | L9: =IF(A9="","",SUM(H9:I9)) | M9: =IF(A9="","",IF(L9>=32,"S",IF(L9>=28,"A",IF(L9>=22,"B",IF(L9>=16,"C","D"))))) | N9: =IF(A9="","",VLOOKUP(K9,マスタ!$A$4:$C$8,2,FALSE())) | O9: =IF(A9="","",VLOOKUP(K9,マスタ!$A$4:$C$8,3,FALSE())) | P9: =IF(A9="","",VLOOKUP(M9,マスタ!$E$4:$G$8,2,FALSE())) | Q9: =IF(A9="","",ROUND(O9*P9,3)) | R9: =IF(A9="","",IF(AND(J9>=90,L9>=32),"積極的に昇格候補",IF(AND(J9>=80,L9>=28),"昇格候補",IF(AND(J9>=65,L9>=22),"通常","要育成")))) | S9: =IF(A9="","",IF(L9<16,"部門グリーンKPIの改善計画を設定",IF(I9<7,"部下を巻き込む改善活動を強化","横展開・次期目標を検討")))
J10: =IF(A10="","",SUM(F10:I10)) | K10: =IF(A10="","",IF(J10>=90,"S",IF(J10>=80,"A",IF(J10>=65,"B",IF(J10>=50,"C","D"))))) | L10: =IF(A10="","",SUM(H10:I10)) | M10: =IF(A10="","",IF(L10>=32,"S",IF(L10>=28,"A",IF(L10>=22,"B",IF(L10>=16,"C","D"))))) | N10: =IF(A10="","",VLOOKUP(K10,マスタ!$A$4:$C$8,2,FALSE())) | O10: =IF(A10="","",VLOOKUP(K10,マスタ!$A$4:$C$8,3,FALSE())) | P10: =IF(A10="","",VLOOKUP(M10,マスタ!$E$4:$G$8,2,FALSE())) | Q10: =IF(A10="","",ROUND(O10*P10,3)) | R10: =IF(A10="","",IF(AND(J10>=90,L10>=32),"積極的に昇格候補",IF(AND(J10>=80,L10>=28),"昇格候補",IF(AND(J10>=65,L10>=22),"通常","要育成")))) | S10: =IF(A10="","",IF(L10<16,"部門グリーンKPIの改善計画を設定",IF(I10<7,"部下を巻き込む改善活動を強化","横展開・次期目標を検討")))
J11: =IF(A11="","",SUM(F11:I11)) | K11: =IF(A11="","",IF(J11>=90,"S",IF(J11>=80,"A",IF(J11>=65,"B",IF(J11>=50,"C","D"))))) | L11: =IF(A11="","",SUM(H11:I11)) | M11: =IF(A11="","",IF(L11>=32,"S",IF(L11>=28,"A",IF(L11>=22,"B",IF(L11>=16,"C","D"))))) | N11: =IF(A11="","",VLOOKUP(K11,マスタ!$A$4:$C$8,2,FALSE())) | O11: =IF(A11="","",VLOOKUP(K11,マスタ!$A$4:$C$8,3,FALSE())) | P11: =IF(A11="","",VLOOKUP(M11,マスタ!$E$4:$G$8,2,FALSE())) | Q11: =IF(A11="","",ROUND(O11*P11,3)) | R11: =IF(A11="","",IF(AND(J11>=90,L11>=32),"積極的に昇格候補",IF(AND(J11>=80,L11>=28),"昇格候補",IF(AND(J11>=65,L11>=22),"通常","要育成")))) | S11: =IF(A11="","",IF(L11<16,"部門グリーンKPIの改善計画を設定",IF(I11<7,"部下を巻き込む改善活動を強化","横展開・次期目標を検討")))
J12: =IF(A12="","",SUM(F12:I12)) | K12: =IF(A12="","",IF(J12>=90,"S",IF(J12>=80,"A",IF(J12>=65,"B",IF(J12>=50,"C","D"))))) | L12: =IF(A12="","",SUM(H12:I12)) | M12: =IF(A12="","",IF(L12>=32,"S",IF(L12>=28,"A",IF(L12>=22,"B",IF(L12>=16,"C","D"))))) | N12: =IF(A12="","",VLOOKUP(K12,マスタ!$A$4:$C$8,2,FALSE())) | O12: =IF(A12="","",VLOOKUP(K12,マスタ!$A$4:$C$8,3,FALSE())) | P12: =IF(A12="","",VLOOKUP(M12,マスタ!$E$4:$G$8,2,FALSE())) | Q12: =IF(A12="","",ROUND(O12*P12,3)) | R12: =IF(A12="","",IF(AND(J12>=90,L12>=32),"積極的に昇格候補",IF(AND(J12>=80,L12>=28),"昇格候補",IF(AND(J12>=65,L12>=22),"通常","要育成")))) | S12: =IF(A12="","",IF(L12<16,"部門グリーンKPIの改善計画を設定",IF(I12<7,"部下を巻き込む改善活動を強化","横展開・次期目標を検討")))
J13: =IF(A13="","",SUM(F13:I13)) | K13: =IF(A13="","",IF(J13>=90,"S",IF(J13>=80,"A",IF(J13>=65,"B",IF(J13>=50,"C","D"))))) | L13: =IF(A13="","",SUM(H13:I13)) | M13: =IF(A13="","",IF(L13>=32,"S",IF(L13>=28,"A",IF(L13>=22,"B",IF(L13>=16,"C","D"))))) | N13: =IF(A13="","",VLOOKUP(K13,マスタ!$A$4:$C$8,2,FALSE())) | O13: =IF(A13="","",VLOOKUP(K13,マスタ!$A$4:$C$8,3,FALSE())) | P13: =IF(A13="","",VLOOKUP(M13,マスタ!$E$4:$G$8,2,FALSE())) | Q13: =IF(A13="","",ROUND(O13*P13,3)) | R13: =IF(A13="","",IF(AND(J13>=90,L13>=32),"積極的に昇格候補",IF(AND(J13>=80,L13>=28),"昇格候補",IF(AND(J13>=65,L13>=22),"通常","要育成")))) | S13: =IF(A13="","",IF(L13<16,"部門グリーンKPIの改善計画を設定",IF(I13<7,"部下を巻き込む改善活動を強化","横展開・次期目標を検討")))
J14: =IF(A14="","",SUM(F14:I14)) | K14: =IF(A14="","",IF(J14>=90,"S",IF(J14>=80,"A",IF(J14>=65,"B",IF(J14>=50,"C","D"))))) | L14: =IF(A14="","",SUM(H14:I14)) | M14: =IF(A14="","",IF(L14>=32,"S",IF(L14>=28,"A",IF(L14>=22,"B",IF(L14>=16,"C","D"))))) | N14: =IF(A14="","",VLOOKUP(K14,マスタ!$A$4:$C$8,2,FALSE())) | O14: =IF(A14="","",VLOOKUP(K14,マスタ!$A$4:$C$8,3,FALSE())) | P14: =IF(A14="","",VLOOKUP(M14,マスタ!$E$4:$G$8,2,FALSE())) | Q14: =IF(A14="","",ROUND(O14*P14,3)) | R14: =IF(A14="","",IF(AND(J14>=90,L14>=32),"積極的に昇格候補",IF(AND(J14>=80,L14>=28),"昇格候補",IF(AND(J14>=65,L14>=22),"通常","要育成")))) | S14: =IF(A14="","",IF(L14<16,"部門グリーンKPIの改善計画を設定",IF(I14<7,"部下を巻き込む改善活動を強化","横展開・次期目標を検討")))
J15: =IF(A15="","",SUM(F15:I15)) | K15: =IF(A15="","",IF(J15>=90,"S",IF(J15>=80,"A",IF(J15>=65,"B",IF(J15>=50,"C","D"))))) | L15: =IF(A15="","",SUM(H15:I15)) | M15: =IF(A15="","",IF(L15>=32,"S",IF(L15>=28,"A",IF(L15>=22,"B",IF(L15>=16,"C","D"))))) | N15: =IF(A15="","",VLOOKUP(K15,マスタ!$A$4:$C$8,2,FALSE())) | O15: =IF(A15="","",VLOOKUP(K15,マスタ!$A$4:$C$8,3,FALSE())) | P15: =IF(A15="","",VLOOKUP(M15,マスタ!$E$4:$G$8,2,FALSE())) | Q15: =IF(A15="","",ROUND(O15*P15,3)) | R15: =IF(A15="","",IF(AND(J15>=90,L15>=32),"積極的に昇格候補",IF(AND(J15>=80,L15>=28),"昇格候補",IF(AND(J15>=65,L15>=22),"通常","要育成")))) | S15: =IF(A15="","",IF(L15<16,"部門グリーンKPIの改善計画を設定",IF(I15<7,"部下を巻き込む改善活動を強化","横展開・次期目標を検討")))
J16: =IF(A16="","",SUM(F16:I16)) | K16: =IF(A16="","",IF(J16>=90,"S",IF(J16>=80,"A",IF(J16>=65,"B",IF(J16>=50,"C","D"))))) | L16: =IF(A16="","",SUM(H16:I16)) | M16: =IF(A16="","",IF(L16>=32,"S",IF(L16>=28,"A",IF(L16>=22,"B",IF(L16>=16,"C","D"))))) | N16: =IF(A16="","",VLOOKUP(K16,マスタ!$A$4:$C$8,2,FALSE())) | O16: =IF(A16="","",VLOOKUP(K16,マスタ!$A$4:$C$8,3,FALSE())) | P16: =IF(A16="","",VLOOKUP(M16,マスタ!$E$4:$G$8,2,FALSE())) | Q16: =IF(A16="","",ROUND(O16*P16,3)) | R16: =IF(A16="","",IF(AND(J16>=90,L16>=32),"積極的に昇格候補",IF(AND(J16>=80,L16>=28),"昇格候補",IF(AND(J16>=65,L16>=22),"通常","要育成")))) | S16: =IF(A16="","",IF(L16<16,"部門グリーンKPIの改善計画を設定",IF(I16<7,"部下を巻き込む改善活動を強化","横展開・次期目標を検討")))
J17: =IF(A17="","",SUM(F17:I17)) | K17: =IF(A17="","",IF(J17>=90,"S",IF(J17>=80,"A",IF(J17>=65,"B",IF(J17>=50,"C","D"))))) | L17: =IF(A17="","",SUM(H17:I17)) | M17: =IF(A17="","",IF(L17>=32,"S",IF(L17>=28,"A",IF(L17>=22,"B",IF(L17>=16,"C","D"))))) | N17: =IF(A17="","",VLOOKUP(K17,マスタ!$A$4:$C$8,2,FALSE())) | O17: =IF(A17="","",VLOOKUP(K17,マスタ!$A$4:$C$8,3,FALSE())) | P17: =IF(A17="","",VLOOKUP(M17,マスタ!$E$4:$G$8,2,FALSE())) | Q17: =IF(A17="","",ROUND(O17*P17,3)) | R17: =IF(A17="","",IF(AND(J17>=90,L17>=32),"積極的に昇格候補",IF(AND(J17>=80,L17>=28),"昇格候補",IF(AND(J17>=65,L17>=22),"通常","要育成")))) | S17: =IF(A17="","",IF(L17<16,"部門グリーンKPIの改善計画を設定",IF(I17<7,"部下を巻き込む改善活動を強化","横展開・次期目標を検討")))
J18: =IF(A18="","",SUM(F18:I18)) | K18: =IF(A18="","",IF(J18>=90,"S",IF(J18>=80,"A",IF(J18>=65,"B",IF(J18>=50,"C","D"))))) | L18: =IF(A18="","",SUM(H18:I18)) | M18: =IF(A18="","",IF(L18>=32,"S",IF(L18>=28,"A",IF(L18>=22,"B",IF(L18>=16,"C","D"))))) | N18: =IF(A18="","",VLOOKUP(K18,マスタ!$A$4:$C$8,2,FALSE())) | O18: =IF(A18="","",VLOOKUP(K18,マスタ!$A$4:$C$8,3,FALSE())) | P18: =IF(A18="","",VLOOKUP(M18,マスタ!$E$4:$G$8,2,FALSE())) | Q18: =IF(A18="","",ROUND(O18*P18,3)) | R18: =IF(A18="","",IF(AND(J18>=90,L18>=32),"積極的に昇格候補",IF(AND(J18>=80,L18>=28),"昇格候補",IF(AND(J18>=65,L18>=22),"通常","要育成")))) | S18: =IF(A18="","",IF(L18<16,"部門グリーンKPIの改善計画を設定",IF(I18<7,"部下を巻き込む改善活動を強化","横展開・次期目標を検討")))
... J24: =IF(A24="","",SUM(F24:I24)) | K24: =IF(A24="","",IF(J24>=90,"S",IF(J24>=80,"A",IF(J24>=65,"B",IF(J24>=50,"C","D"))))) | L24: =IF(A24="","",SUM(H24:I24)) | M24: =IF(A24="","",IF(L24>=32,"S",IF(L24>=28,"A",IF(L24>=22,"B",IF(L24>=16,"C","D"))))) | N24: =IF(A24="","",VLOOKUP(K24,マスタ!$A$4:$C$8,2,FALSE())) | O24: =IF(A24="","",VLOOKUP(K24,マスタ!$A$4:$C$8,3,FALSE())) | P24: =IF(A24="","",VLOOKUP(M24,マスタ!$E$4:$G$8,2,FALSE())) | Q24: =IF(A24="","",ROUND(O24*P24,3)) | R24: =IF(A24="","",IF(AND(J24>=90,L24>=32),"積極的に昇格候補",IF(AND(J24>=80,L24>=28),"昇格候補",IF(AND(J24>=65,L24>=22),"通常","要育成")))) | S24: =IF(A24="","",IF(L24<16,"部門グリーンKPIの改善計画を設定",IF(I24<7,"部下を巻き込む改善活動を強化","横展開・次期目標を検討")))

Sheet 項目定義
A1: グリーンHRM評価項目定義・行動基準
A3: 区分 | B3: 評価項目 | C3: 満点 | D3: S：主導・横展開 | E3: A：実行・改善 | F3: B：標準実践 | G3: C：受け身 | H3: D：未実施・消極的
A4: 全社員 | B4: 省エネ行動 | C4: 3 | D4: 自部署の省エネルールを提案し、実行・定着させた | E4: 不要照明・空調・待機電力削減を自主的に実践した | F4: 決められた省エネルールを日常的に守った | G4: 指示があれば実施した | H4: ルール違反・無関心が目立つ
A5: 全社員 | B5: ペーパーレス | C5: 3 | D5: 会議・申請・共有資料の電子化を主導した | E5: 紙使用量を減らす工夫を提案・実行した | F5: 必要最低限の印刷に抑えた | G5: 紙資料に依存しがちだった | H5: 不要印刷が多く改善が見られない
A6: 全社員 | B6: 廃棄物削減 | C6: 3 | D6: 廃棄物・不良・資材ロス削減の仕組みを作った | E6: 分別・再利用・梱包材削減を提案・実行した | F6: 廃棄物削減ルールを守った | G6: 指示があれば対応した | H6: 分別・削減への協力が不十分
A7: 全社員 | B7: 改善提案 | C7: 3 | D7: 環境負荷削減と業務効率化を両立する提案を実行まで導いた | E7: 具体的な改善提案を行い、実行に関与した | F7: 年1件以上の改善提案を行った | G7: 提案は少ないが改善活動には参加した | H7: 改善提案・参加が見られない
A8: 全社員 | B8: 環境学習 | C8: 3 | D8: 学んだ内容を社内共有し、実践につなげた | E8: 研修受講後に自部署で活用した | F8: 指定研修を受講した | G8: 受講のみで実践が乏しい | H8: 未受講または受講姿勢に課題
A9: 管理職 | B9: 部門グリーンKPI | C9: 25 | D9: 部門KPIを大幅達成し、コスト削減・品質向上にも波及 | E9: 部門KPIを達成し、改善活動を継続運用した | F9: 主要KPIを概ね達成した | G9: 一部未達だが改善計画を実施 | H9: 未達かつ改善計画が不十分
A10: 管理職 | B10: グリーンリーダーシップ | C10: 10 | D10: 部下を巻き込み、改善文化を部門に定着させた | E10: 部下の提案を引き出し、改善実行を支援した | F10: 方針説明と最低限の進捗管理を行った | G10: 啓発・支援が不足した | H10: 関心が薄く、部下任せになった

Sheet マスタ
A1: 判定・係数マスタ
A3: 総合評価 | B3: 昇給反映 | C3: 基本賞与係数 | E3: グリーン評価 | F3: グリーン賞与係数 | G3: 昇格扱い
A4: S | B4: 標準昇給＋上乗せ | C4: 1.2 | E4: S | F4: 1.1 | G4: 積極的に昇格候補
A5: A | B5: 標準より高め | C5: 1.1 | E5: A | F5: 1.05 | G5: 昇格候補として有力
A6: B | B6: 標準昇給 | C6: 1 | E6: B | F6: 1 | G6: 通常
A7: C | B7: 昇給小または据置 | C7: 0.9 | E7: C | F7: 0.97 | G7: 育成課題あり
A8: D | B8: 原則据置・改善計画 | C8: 0.7 | E8: D | F8: 0.95 | G8: 昇格候補から除外・改善指導
A11: 昇格区分 | B11: 最低総合評価 | C11: 最低グリーン評価 | D11: 補足要件 | F11: 総合評価判定 | G11: 点数範囲
A12: 一般社員→主任 | B12: B | C12: B | D12: 改善提案年1件以上、環境研修受講 | F12: S | G12: 95点以上（105点満点）
A13: 主任→係長 | B13: A | C13: A | D13: チーム内の省資源・改善活動を主導 | F13: A | G13: 84〜94点
A14: 係長→課長 | B14: A | C14: A | D14: 部門KPI達成、部下への啓発・横展開 | F14: B | G14: 68〜83点
A15: 課長→部長 | B15: A | C15: A | D15: 環境・人材・収益を統合した部門戦略を設計 | F15: C | G15: 53〜67点
A16: 役員候補 | B16: S | C16: A | D16: ESG・人的資本・事業戦略を結びつけて説明・実行できる | F16: D | G16: 52点以下
F18: 一般社員グリーン評価 | G18: 15点満点：S=13.5点以上、A=12点以上、B=9.75点以上、C=7.5点以上、D=7.5点未満
F19: 管理職グリーン評価 | G19: 35点満点：S=32点以上、A=28点以上、B=22点以上、C=16点以上、D=16点未満

Sheet ダッシュボード
A1: 評価ダッシュボード｜グリーンHRM連動状況
A3: KPI | B3: 値 | C3: 見方 | E3: グリーン評価 | F3: 人数
A4: 評価入力人数 | B4: =COUNTA(一般社員評価!A5:A54)+COUNTA(管理職評価!A5:A24) -> 5 | C4: 評価対象者の入力数 | E4: S | F4: =COUNTIF(一般社員評価!Q5:Q54,"S")+COUNTIF(管理職評価!M5:M24,"S") -> 2
A5: 平均総合点 | B5: =IF(B4=0,"",ROUND((SUM(一般社員評価!O5:O54)+SUM(管理職評価!J5:J24))/B4,1)) -> 82.7 | C5: 総合評価の平均 | E5: A | F5: =COUNTIF(一般社員評価!Q5:Q54,"A")+COUNTIF(管理職評価!M5:M24,"A") -> 2
A6: 平均グリーン点（一般15点換算） | B6: =IF(COUNTA(一般社員評価!A5:A54)=0,"",ROUND(AVERAGEIF(一般社員評価!A5:A54,"<>",一般社員評価!N5:N54),1)) -> 11.5 | C6: 一般社員のグリーン評価平均（15点満点） | E6: B | F6: =COUNTIF(一般社員評価!Q5:Q54,"B")+COUNTIF(管理職評価!M5:M24,"B") -> 0
A7: 平均グリーン点（管理職35点換算） | B7: =IF(COUNTA(管理職評価!A5:A24)=0,"",ROUND(AVERAGEIF(管理職評価!A5:A24,"<>",管理職評価!L5:L24),1)) -> 30 | C7: 管理職の部門KPI＋リーダーシップ平均 | E7: C | F7: =COUNTIF(一般社員評価!Q5:Q54,"C")+COUNTIF(管理職評価!M5:M24,"C") -> 1
A8: グリーン評価A以上人数 | B8: =COUNTIF(一般社員評価!Q5:Q54,"S")+COUNTIF(一般社員評価!Q5:Q54,"A")+COUNTIF(管理職評価!M5:M24,"S")+COUNTIF(管理職評価!M5:M24,"A") -> 4 | C8: グリーン行動が高い人材数 | E8: D | F8: =COUNTIF(一般社員評価!Q5:Q54,"D")+COUNTIF(管理職評価!M5:M24,"D") -> 0
A9: 昇格候補人数 | B9: =COUNTIF(一般社員評価!V5:V54,"昇格候補")+COUNTIF(一般社員評価!V5:V54,"昇格検討可")+COUNTIF(管理職評価!R5:R24,"昇格候補")+COUNTIF(管理職評価!R5:R24,"積極的に昇格候補") -> 4 | C9: 次期昇格候補（昇格検討可を含む）
A10: 要育成人数 | B10: =COUNTIF(一般社員評価!V5:V54,"要育成")+COUNTIF(管理職評価!R5:R24,"要育成") -> 0 | C10: 改善計画が必要な人数
A12: 運用メモ
A13: 1 | B13: 初年度は、グリーンHRM評価を加点中心で運用し、減点運用は慎重にする。
A14: 2 | B14: 評価者ごとの差を抑えるため、項目定義シートの行動基準を使って評価者研修を行う。
A15: 3 | B15: 賞与・昇給・昇格への反映は、就業規則・賃金規程・人事評価規程の整備後に実施する。
A16: 4 | B16: 次年度以降、紙使用量・電力使用量・廃棄物処理費などの実測値を部門KPIに追加する。
A18: 部門別グリーン評価サマリー
A19: 部署 | B19: 人数 | C19: グリーン平均 | D19: 総合平均 | E19: 改善提案平均 | F19: 昇格候補 | G19: 要育成 | H19: 推奨アクション
A20: 製造1課 | B20: =COUNTIF(一般社員評価!C5:C54,A20)+COUNTIF(管理職評価!C5:C24,A20) -> 1 | C20: =IFERROR(AVERAGEIFS(一般社員評価!N5:N54,一般社員評価!C5:C54,A20),IFERROR(AVERAGEIFS(管理職評価!L5:L24,管理職評価!C5:C24,A20),"-")) -> 13 | D20: =IFERROR(AVERAGEIFS(一般社員評価!O5:O54,一般社員評価!C5:C54,A20),IFERROR(AVERAGEIFS(管理職評価!J5:J24,管理職評価!C5:C24,A20),"-")) -> 83 | E20: =IFERROR(AVERAGEIFS(一般社員評価!L5:L54,一般社員評価!C5:C54,A20),"-") -> 2 | F20: =COUNTIFS(一般社員評価!C5:C54,A20,一般社員評価!V5:V54,"昇格候補")+COUNTIFS(一般社員評価!C5:C54,A20,一般社員評価!V5:V54,"昇格検討可")+COUNTIFS(管理職評価!C5:C24,A20,管理職評価!R5:R24,"昇格候補")+COUNTIFS(管理職評価!C5:C24,A20,管理職評価!R5:R24,"積極的に昇格候補") -> 1 | G20: =COUNTIFS(一般社員評価!C5:C54,A20,一般社員評価!V5:V54,"要育成")+COUNTIFS(管理職評価!C5:C24,A20,管理職評価!R5:R24,"要育成") -> 0 | H20: =IF(B20=0,"-",IF(C20>=12,"横展開推進",IF(C20>=9.75,"標準運用",IF(C20>=7.5,"改善計画策定","重点指導対象")))) -> 横展開推進
A21: 製造2課 | B21: =COUNTIF(一般社員評価!C5:C54,A21)+COUNTIF(管理職評価!C5:C24,A21) -> 0 | C21: =IFERROR(AVERAGEIFS(一般社員評価!N5:N54,一般社員評価!C5:C54,A21),IFERROR(AVERAGEIFS(管理職評価!L5:L24,管理職評価!C5:C24,A21),"-")) -> - | D21: =IFERROR(AVERAGEIFS(一般社員評価!O5:O54,一般社員評価!C5:C54,A21),IFERROR(AVERAGEIFS(管理職評価!J5:J24,管理職評価!C5:C24,A21),"-")) -> - | E21: =IFERROR(AVERAGEIFS(一般社員評価!L5:L54,一般社員評価!C5:C54,A21),"-") -> - | F21: =COUNTIFS(一般社員評価!C5:C54,A21,一般社員評価!V5:V54,"昇格候補")+COUNTIFS(一般社員評価!C5:C54,A21,一般社員評価!V5:V54,"昇格検討可")+COUNTIFS(管理職評価!C5:C24,A21,管理職評価!R5:R24,"昇格候補")+COUNTIFS(管理職評価!C5:C24,A21,管理職評価!R5:R24,"積極的に昇格候補") -> 0 | G21: =COUNTIFS(一般社員評価!C5:C54,A21,一般社員評価!V5:V54,"要育成")+COUNTIFS(管理職評価!C5:C24,A21,管理職評価!R5:R24,"要育成") -> 0 | H21: =IF(B21=0,"-",IF(C21>=12,"横展開推進",IF(C21>=9.75,"標準運用",IF(C21>=7.5,"改善計画策定","重点指導対象")))) -> -
A22: 製造部 | B22: =COUNTIF(一般社員評価!C5:C54,A22)+COUNTIF(管理職評価!C5:C24,A22) -> 1 | C22: =IFERROR(AVERAGEIFS(一般社員評価!N5:N54,一般社員評価!C5:C54,A22),IFERROR(AVERAGEIFS(管理職評価!L5:L24,管理職評価!C5:C24,A22),"-")) -> 28 | D22: =IFERROR(AVERAGEIFS(一般社員評価!O5:O54,一般社員評価!C5:C54,A22),IFERROR(AVERAGEIFS(管理職評価!J5:J24,管理職評価!C5:C24,A22),"-")) -> 82 | E22: =IFERROR(AVERAGEIFS(一般社員評価!L5:L54,一般社員評価!C5:C54,A22),"-") -> - | F22: =COUNTIFS(一般社員評価!C5:C54,A22,一般社員評価!V5:V54,"昇格候補")+COUNTIFS(一般社員評価!C5:C54,A22,一般社員評価!V5:V54,"昇格検討可")+COUNTIFS(管理職評価!C5:C24,A22,管理職評価!R5:R24,"昇格候補")+COUNTIFS(管理職評価!C5:C24,A22,管理職評価!R5:R24,"積極的に昇格候補") -> 1 | G22: =COUNTIFS(一般社員評価!C5:C54,A22,一般社員評価!V5:V54,"要育成")+COUNTIFS(管理職評価!C5:C24,A22,管理職評価!R5:R24,"要育成") -> 0 | H22: =IF(B22=0,"-",IF(C22>=12,"横展開推進",IF(C22>=9.75,"標準運用",IF(C22>=7.5,"改善計画策定","重点指導対象")))) -> 横展開推進
A23: 営業部 | B23: =COUNTIF(一般社員評価!C5:C54,A23)+COUNTIF(管理職評価!C5:C24,A23) -> 2 | C23: =IFERROR(AVERAGEIFS(一般社員評価!N5:N54,一般社員評価!C5:C54,A23),IFERROR(AVERAGEIFS(管理職評価!L5:L24,管理職評価!C5:C24,A23),"-")) -> 14 | D23: =IFERROR(AVERAGEIFS(一般社員評価!O5:O54,一般社員評価!C5:C54,A23),IFERROR(AVERAGEIFS(管理職評価!J5:J24,管理職評価!C5:C24,A23),"-")) -> 91 | E23: =IFERROR(AVERAGEIFS(一般社員評価!L5:L54,一般社員評価!C5:C54,A23),"-") -> 3 | F23: =COUNTIFS(一般社員評価!C5:C54,A23,一般社員評価!V5:V54,"昇格候補")+COUNTIFS(一般社員評価!C5:C54,A23,一般社員評価!V5:V54,"昇格検討可")+COUNTIFS(管理職評価!C5:C24,A23,管理職評価!R5:R24,"昇格候補")+COUNTIFS(管理職評価!C5:C24,A23,管理職評価!R5:R24,"積極的に昇格候補") -> 2 | G23: =COUNTIFS(一般社員評価!C5:C54,A23,一般社員評価!V5:V54,"要育成")+COUNTIFS(管理職評価!C5:C24,A23,管理職評価!R5:R24,"要育成") -> 0 | H23: =IF(B23=0,"-",IF(C23>=12,"横展開推進",IF(C23>=9.75,"標準運用",IF(C23>=7.5,"改善計画策定","重点指導対象")))) -> 横展開推進
A24: 総務部 | B24: =COUNTIF(一般社員評価!C5:C54,A24)+COUNTIF(管理職評価!C5:C24,A24) -> 1 | C24: =IFERROR(AVERAGEIFS(一般社員評価!N5:N54,一般社員評価!C5:C54,A24),IFERROR(AVERAGEIFS(管理職評価!L5:L24,管理職評価!C5:C24,A24),"-")) -> 7.5 | D24: =IFERROR(AVERAGEIFS(一般社員評価!O5:O54,一般社員評価!C5:C54,A24),IFERROR(AVERAGEIFS(管理職評価!J5:J24,管理職評価!C5:C24,A24),"-")) -> 67.5 | E24: =IFERROR(AVERAGEIFS(一般社員評価!L5:L54,一般社員評価!C5:C54,A24),"-") -> 1 | F24: =COUNTIFS(一般社員評価!C5:C54,A24,一般社員評価!V5:V54,"昇格候補")+COUNTIFS(一般社員評価!C5:C54,A24,一般社員評価!V5:V54,"昇格検討可")+COUNTIFS(管理職評価!C5:C24,A24,管理職評価!R5:R24,"昇格候補")+COUNTIFS(管理職評価!C5:C24,A24,管理職評価!R5:R24,"積極的に昇格候補") -> 0 | G24: =COUNTIFS(一般社員評価!C5:C54,A24,一般社員評価!V5:V54,"要育成")+COUNTIFS(管理職評価!C5:C24,A24,管理職評価!R5:R24,"要育成") -> 0 | H24: =IF(B24=0,"-",IF(C24>=12,"横展開推進",IF(C24>=9.75,"標準運用",IF(C24>=7.5,"改善計画策定","重点指導対象")))) -> 改善計画策定
A25: 管理部 | B25: =COUNTIF(一般社員評価!C5:C54,A25)+COUNTIF(管理職評価!C5:C24,A25) -> 0 | C25: =IFERROR(AVERAGEIFS(一般社員評価!N5:N54,一般社員評価!C5:C54,A25),IFERROR(AVERAGEIFS(管理職評価!L5:L24,管理職評価!C5:C24,A25),"-")) -> - | D25: =IFERROR(AVERAGEIFS(一般社員評価!O5:O54,一般社員評価!C5:C54,A25),IFERROR(AVERAGEIFS(管理職評価!J5:J24,管理職評価!C5:C24,A25),"-")) -> - | E25: =IFERROR(AVERAGEIFS(一般社員評価!L5:L54,一般社員評価!C5:C54,A25),"-") -> - | F25: =COUNTIFS(一般社員評価!C5:C54,A25,一般社員評価!V5:V54,"昇格候補")+COUNTIFS(一般社員評価!C5:C54,A25,一般社員評価!V5:V54,"昇格検討可")+COUNTIFS(管理職評価!C5:C24,A25,管理職評価!R5:R24,"昇格候補")+COUNTIFS(管理職評価!C5:C24,A25,管理職評価!R5:R24,"積極的に昇格候補") -> 0 | G25: =COUNTIFS(一般社員評価!C5:C54,A25,一般社員評価!V5:V54,"要育成")+COUNTIFS(管理職評価!C5:C24,A25,管理職評価!R5:R24,"要育成") -> 0 | H25: =IF(B25=0,"-",IF(C25>=12,"横展開推進",IF(C25>=9.75,"標準運用",IF(C25>=7.5,"改善計画策定","重点指導対象")))) -> -
A26: 品質管理部 | B26: =COUNTIF(一般社員評価!C5:C54,A26)+COUNTIF(管理職評価!C5:C24,A26) -> 0 | C26: =IFERROR(AVERAGEIFS(一般社員評価!N5:N54,一般社員評価!C5:C54,A26),IFERROR(AVERAGEIFS(管理職評価!L5:L24,管理職評価!C5:C24,A26),"-")) -> - | D26: =IFERROR(AVERAGEIFS(一般社員評価!O5:O54,一般社員評価!C5:C54,A26),IFERROR(AVERAGEIFS(管理職評価!J5:J24,管理職評価!C5:C24,A26),"-")) -> - | E26: =IFERROR(AVERAGEIFS(一般社員評価!L5:L54,一般社員評価!C5:C54,A26),"-") -> - | F26: =COUNTIFS(一般社員評価!C5:C54,A26,一般社員評価!V5:V54,"昇格候補")+COUNTIFS(一般社員評価!C5:C54,A26,一般社員評価!V5:V54,"昇格検討可")+COUNTIFS(管理職評価!C5:C24,A26,管理職評価!R5:R24,"昇格候補")+COUNTIFS(管理職評価!C5:C24,A26,管理職評価!R5:R24,"積極的に昇格候補") -> 0 | G26: =COUNTIFS(一般社員評価!C5:C54,A26,一般社員評価!V5:V54,"要育成")+COUNTIFS(管理職評価!C5:C24,A26,管理職評価!R5:R24,"要育成") -> 0 | H26: =IF(B26=0,"-",IF(C26>=12,"横展開推進",IF(C26>=9.75,"標準運用",IF(C26>=7.5,"改善計画策定","重点指導対象")))) -> -
A27: 開発部 | B27: =COUNTIF(一般社員評価!C5:C54,A27)+COUNTIF(管理職評価!C5:C24,A27) -> 0 | C27: =IFERROR(AVERAGEIFS(一般社員評価!N5:N54,一般社員評価!C5:C54,A27),IFERROR(AVERAGEIFS(管理職評価!L5:L24,管理職評価!C5:C24,A27),"-")) -> - | D27: =IFERROR(AVERAGEIFS(一般社員評価!O5:O54,一般社員評価!C5:C54,A27),IFERROR(AVERAGEIFS(管理職評価!J5:J24,管理職評価!C5:C24,A27),"-")) -> - | E27: =IFERROR(AVERAGEIFS(一般社員評価!L5:L54,一般社員評価!C5:C54,A27),"-") -> - | F27: =COUNTIFS(一般社員評価!C5:C54,A27,一般社員評価!V5:V54,"昇格候補")+COUNTIFS(一般社員評価!C5:C54,A27,一般社員評価!V5:V54,"昇格検討可")+COUNTIFS(管理職評価!C5:C24,A27,管理職評価!R5:R24,"昇格候補")+COUNTIFS(管理職評価!C5:C24,A27,管理職評価!R5:R24,"積極的に昇格候補") -> 0 | G27: =COUNTIFS(一般社員評価!C5:C54,A27,一般社員評価!V5:V54,"要育成")+COUNTIFS(管理職評価!C5:C24,A27,管理職評価!R5:R24,"要育成") -> 0 | H27: =IF(B27=0,"-",IF(C27>=12,"横展開推進",IF(C27>=9.75,"標準運用",IF(C27>=7.5,"改善計画策定","重点指導対象")))) -> -

Sheet 規程文言
A1: 規程文言・社内説明文サンプル
A3: 区分 | B3: 文言サンプル | C3: 用途 | D3: 備考
A4: 目的条項 | B4: 会社は、持続可能な経営の実現を目的として、環境負荷の低減、資源の有効活用、業務改善、地域社会への貢献等に関する行動および成果を、人事評価の一部として評価する。 | C4: 評価規程 | D4: 導入趣旨を明確化
A5: 評価対象 | B5: グリーンHRM評価は、従業員の日常業務における省エネルギー、省資源、廃棄物削減、ペーパーレス化、環境改善提案、環境教育への参加、ならびに部門目標への貢献度を対象とする。 | C5: 評価規程 | D5: 職位・職務別に詳細化可
A6: 反映方法 | B6: 評価結果は、昇給、賞与、昇格、表彰、配置、教育訓練の判断材料として活用する。ただし、評価基準は職務内容、職位、責任範囲に応じて合理的に定めるものとする。 | C6: 賃金規程・評価規程 | D6: 不利益変更への配慮が必要
A7: 社内説明 | B7: 本制度は、環境活動を社員に押し付けるものではなく、日常業務のムダを減らし、改善提案を評価し、会社の持続的成長と社員の成長を両立させるための仕組みです。 | C7: 説明会資料 | D7: 反発防止に有効
A8: 管理職向け | B8: 管理職は、部門の環境KPIの達成だけでなく、部下の改善提案を引き出し、実行を支援し、グリーン行動が自然に行われる職場文化を形成する責任を負う。 | C8: 管理職評価 | D8: 昇格要件に連動可
A10: 参考情報 | B10: 出典 | C10: 反映箇所 | D10: 備考
A11: 提案書 | B11: Green Value Evaluation System 提案書.docx | C11: 全体設計、4層構造、配点、BARS、賞与・昇格連動 | D11: 本シートの根拠文書
A12: 調査PDF | B12: グリーン・サステナブルHRMと人事評価.pdf | C12: 定量KPI・行動評価・コンピテンシーモデル | D12: 学術的根拠
A13: サントリーHD | B13: suntory.co.jp (2026/01/15) | C13: 全社員賞与へのサステナビリティ項目連動 | D13: 国内飲料業界初
A14: 花王 | B14: 日経ビジネス (2021/01/13) | C14: 個人目標の3割をESG関連で設定 | D14: 大企業事例
A15: Mastercard | B15: mastercard.com (2022/04) | C15: ESG目標と全社員報酬連動±10% | D15: グローバル事例
